{
  "id": "3819995",
  "name": "1 移动web",
  "font_family": "iconfont",
  "css_prefix_text": "icon-",
  "description": "",
  "glyphs": [
    {
      "icon_id": "15838432",
      "name": "browse",
      "font_class": "browse",
      "unicode": "e666",
      "unicode_decimal": 58982
    },
    {
      "icon_id": "15838433",
      "name": "bottom",
      "font_class": "bottom",
      "unicode": "e667",
      "unicode_decimal": 58983
    },
    {
      "icon_id": "15838444",
      "name": "close",
      "font_class": "close",
      "unicode": "e668",
      "unicode_decimal": 58984
    },
    {
      "icon_id": "15838455",
      "name": "direction-down",
      "font_class": "direction-down",
      "unicode": "e66b",
      "unicode_decimal": 58987
    },
    {
      "icon_id": "15838459",
      "name": "direction-down-circle",
      "font_class": "direction-down-circle",
      "unicode": "e66c",
      "unicode_decimal": 58988
    },
    {
      "icon_id": "15838460",
      "name": "direction-right",
      "font_class": "direction-right",
      "unicode": "e66d",
      "unicode_decimal": 58989
    },
    {
      "icon_id": "15838474",
      "name": "favorite",
      "font_class": "favorite",
      "unicode": "e66f",
      "unicode_decimal": 58991
    },
    {
      "icon_id": "15838485",
      "name": "home",
      "font_class": "home",
      "unicode": "e674",
      "unicode_decimal": 58996
    }
  ]
}
